{
  "mean": [
    0.18206265568733215,
    0.18206265568733215,
    0.18206265568733215
  ],
  "std": [
    0.426688015460968,
    0.3902897834777832,
    0.426688015460968
  ]
}