{
  "model": "CNN_Depth4",
  "seed": 46,
  "best_epoch": 40,
  "best_metrics": {
    "epoch": 40,
    "time_sec": 18.892044067382812,
    "lr": 1.04536587784401e-05,
    "train_loss": 0.2138662410325196,
    "val_loss": 0.28766510153946,
    "val_accuracy": 0.883026123046875,
    "val_precision": 0.914440624173499,
    "val_recall": 0.8448897305883072,
    "val_f1": 0.8782904137427365,
    "val_roc_auc": 0.9542571630621765
  },
  "confusion_matrix": [
    [
      15105,
      1294
    ],
    [
      2539,
      13830
    ]
  ]
}