{
  "model": "CNN_Depth8",
  "seed": 43,
  "best_epoch": 19,
  "best_metrics": {
    "epoch": 19,
    "time_sec": 22.99172019958496,
    "lr": 6.872216535789155e-05,
    "train_loss": 0.11548568937678283,
    "val_loss": 0.29280069098604145,
    "val_accuracy": 0.895477294921875,
    "val_precision": 0.9396739130434782,
    "val_recall": 0.845011912761928,
    "val_f1": 0.8898324166103767,
    "val_roc_auc": 0.9593828874124201
  },
  "confusion_matrix": [
    [
      15511,
      888
    ],
    [
      2537,
      13832
    ]
  ]
}