{
  "model": "CNN_Depth8",
  "seed": 44,
  "best_epoch": 4,
  "best_metrics": {
    "epoch": 4,
    "time_sec": 23.04256510734558,
    "lr": 9.844486647586723e-05,
    "train_loss": 0.19139612687558838,
    "val_loss": 0.26315412150142947,
    "val_accuracy": 0.896820068359375,
    "val_precision": 0.9145282777990553,
    "val_recall": 0.8752520007330931,
    "val_f1": 0.8944591852661152,
    "val_roc_auc": 0.9624856675389231
  },
  "confusion_matrix": [
    [
      15060,
      1339
    ],
    [
      2042,
      14327
    ]
  ]
}