{
  "model": "CNN_Depth8",
  "seed": 45,
  "best_epoch": 6,
  "best_metrics": {
    "epoch": 6,
    "time_sec": 34.35796141624451,
    "lr": 9.652393605146844e-05,
    "train_loss": 0.1685620749312875,
    "val_loss": 0.2879210626560962,
    "val_accuracy": 0.88665771484375,
    "val_precision": 0.9256643121426169,
    "val_recall": 0.8406133545115768,
    "val_f1": 0.8810911186527502,
    "val_roc_auc": 0.9569435988080119
  },
  "confusion_matrix": [
    [
      15294,
      1105
    ],
    [
      2609,
      13760
    ]
  ]
}