{
  "model": "CNN_Depth8",
  "seed": 46,
  "best_epoch": 6,
  "best_metrics": {
    "epoch": 6,
    "time_sec": 22.88006591796875,
    "lr": 9.652393605146844e-05,
    "train_loss": 0.1714441894318952,
    "val_loss": 0.26111404460971244,
    "val_accuracy": 0.89776611328125,
    "val_precision": 0.9295849006797334,
    "val_recall": 0.8605290488117784,
    "val_f1": 0.8937250174481315,
    "val_roc_auc": 0.9629310747962141
  },
  "confusion_matrix": [
    [
      15332,
      1067
    ],
    [
      2283,
      14086
    ]
  ]
}