{
  "model": "CNN_Depth4",
  "seed": 45,
  "best_epoch": 40,
  "best_metrics": {
    "epoch": 40,
    "time_sec": 18.97607731819153,
    "lr": 1.04536587784401e-05,
    "train_loss": 0.2093332087742965,
    "val_loss": 0.2765504544804571,
    "val_accuracy": 0.887908935546875,
    "val_precision": 0.9078118977258127,
    "val_recall": 0.863278147718248,
    "val_f1": 0.8849851260372632,
    "val_roc_auc": 0.9565048635512379
  },
  "confusion_matrix": [
    [
      14964,
      1435
    ],
    [
      2238,
      14131
    ]
  ]
}