{
  "model": "CNN_Depth8",
  "seed": 42,
  "best_epoch": 5,
  "best_metrics": {
    "epoch": 5,
    "time_sec": 22.90932321548462,
    "lr": 9.757729755661011e-05,
    "train_loss": 0.17760414780377687,
    "val_loss": 0.24353260783391306,
    "val_accuracy": 0.90325927734375,
    "val_precision": 0.9130625273831132,
    "val_recall": 0.8911967743906164,
    "val_f1": 0.9019971557534162,
    "val_roc_auc": 0.9673313988356469
  },
  "confusion_matrix": [
    [
      15010,
      1389
    ],
    [
      1781,
      14588
    ]
  ]
}