{
  "model": "CNN_Depth4",
  "seed": 42,
  "best_epoch": 44,
  "best_metrics": {
    "epoch": 44,
    "time_sec": 18.83718514442444,
    "lr": 4.476063948531556e-06,
    "train_loss": 0.20964433837980323,
    "val_loss": 0.30501251079840586,
    "val_accuracy": 0.871246337890625,
    "val_precision": 0.9172963319137244,
    "val_recall": 0.8158103732665404,
    "val_f1": 0.863581983380218,
    "val_roc_auc": 0.9505568197938967
  },
  "confusion_matrix": [
    [
      15195,
      1204
    ],
    [
      3015,
      13354
    ]
  ]
}