{
  "model": "CNN_Depth4",
  "seed": 44,
  "best_epoch": 35,
  "best_metrics": {
    "epoch": 35,
    "time_sec": 18.801349639892578,
    "lr": 2.1404630011522576e-05,
    "train_loss": 0.21574979817523854,
    "val_loss": 0.27563721194746904,
    "val_accuracy": 0.88970947265625,
    "val_precision": 0.9200974902839075,
    "val_recall": 0.8533203005681471,
    "val_f1": 0.8854516640253566,
    "val_roc_auc": 0.9563680670515264
  },
  "confusion_matrix": [
    [
      15186,
      1213
    ],
    [
      2401,
      13968
    ]
  ]
}