{
  "model": "CNN_Depth4",
  "seed": 43,
  "best_epoch": 36,
  "best_metrics": {
    "epoch": 36,
    "time_sec": 18.8207585811615,
    "lr": 1.8947512507439848e-05,
    "train_loss": 0.21415355626595556,
    "val_loss": 0.2934253025596263,
    "val_accuracy": 0.879486083984375,
    "val_precision": 0.9060946900340047,
    "val_recall": 0.8464780988453785,
    "val_f1": 0.8752724171693882,
    "val_roc_auc": 0.9516061231917803
  },
  "confusion_matrix": [
    [
      14963,
      1436
    ],
    [
      2513,
      13856
    ]
  ]
}